ISBN,title,authorSecondName,authorFirstName,pages,YearPublish
3114013,Tayna glubiny,Egorov,Artem,1503,1905
9647053,Rasskazy o prirode,Yakovlev,Gennady,1968,1931
7452747,Podvodnaya odisseya,Orlov,Alexei,52,1892
8686611,Na dnye,Kalinin,Vladislav,278,1927
9030131,Anna Karenina,Kalinin,Andrei,701,1839
8837905,Den strashnogo suda,Orlov,Oleg,866,1882
8353307,Metamorfozy,Petrov,Andrei,1591,2016
3851402,Tolko ty,Volkov,Roman,1766,1850
4892737,Polyarnaya zvezda,Zaitsev,Andrei,1762,1803
7810165,Zateryanny mir,Ivanov,Artem,1647,1967
4183835,Iskry budushchego,Lebedev,Leonid,1966,1894
1899945,Zov predkov,Lebedev,Leonid,1217,1923
8904934,Tikhiy Don,Smirnov,Dmitri,1763,1869
9108021,Tolstoy: Zhizn i vremya,Kuznetsov,Konstantin,448,1856
6069654,Zvezdnyy pilot,Kalinin,Andrei,369,2008
1757451,Tolko ty,Lebedev,Stanislav,78,1921
5864624,Polyarnaya zvezda,Volkov,Vladislav,1842,1944
4931489,Iskry budushchego,Popov,Leonid,266,1984
5091781,Poslednyaya zvezda,Petrov,Sergei,1889,1987
1429210,Posledniy chelovek,Kalinin,Maxim,301,1897
3527088,Den strashnogo suda,Ivanov,Viktor,565,1958
2271822,Ocherednoy pervy klas,Yakovlev,Leonid,1890,2003
4191160,Proshchay oruzhiye,Novikov,Alexei,1128,2005
7276741,Piknyk na obochine,Fedorov,Nikolai,959,1893
9996431,Tayna glubiny,Makarov,Ivan,510,2022
9260660,Kapitanskaya dochka,Novikov,Viktor,165,1905
8474231,Vremennaya petlya,Petrov,Oleg,1621,1961
1580106,Tolstoy: Zhizn i vremya,Pavlov,Sergei,312,2001
6353148,Vremennaya petlya,Yakovlev,Artem,1213,1877
7346258,Belaya gvardiya,Zaitsev,Pavel,512,1811
2170189,Master i Margarita,Kalinin,Mikhail,382,1800
4310953,Zvyozdnyy rubikon,Orlov,Gennady,215,1911
6365331,Doroga v nikuda,Sidorov,Ivan,1715,1952
6218725,Poslednyaya zvezda,Smirnov,Maxim,1812,1832
4440843,Noch svobody,Volkov,Mikhail,755,1922
2859049,Deti kapitana Granta,Zaitsev,Mikhail,212,1962
6919596,Mir v teni,Lebedev,Sergei,640,1828
6168629,Kogda goryat mosty,Novikov,Ivan,1882,1806
5722774,Master i Margarita,Ivanov,Konstantin,1620,1881
1269761,Tayna Karpat,Zaitsev,Yaroslav,275,1836
5985334,Den strashnogo suda,Kalinin,Boris,1849,1943
6118909,Vybor cheloveka,Yakovlev,Sergei,1650,2001
7885353,Iskusstvo voiny,Kalinin,Yaroslav,240,1885
6024869,Gore ot uma,Chernov,Oleg,666,1808
4717004,Poslednyaya zvezda,Sidorov,Ivan,1056,1926
4293102,Mir v teni,Makarov,Gennady,1715,1921
2298135,Legendy severa,Ivanov,Alexei,628,1831
5846714,Zvyozdnyy rubikon,Fedorov,Viktor,1821,1922
4456014,Zvyozdnyy rubikon,Morozov,Viktor,1696,1854
8550570,Anna Karenina,Yakovlev,Mikhail,301,1858
5855449,Polyarnaya zvezda,Pavlov,Gennady,1071,1972
5685766,Vokzal mechty,Zaitsev,Vladislav,143,1970
6112248,Vybor cheloveka,Morozov,Nikolai,878,1915
6838609,Na beregu vechnosti,Makarov,Leonid,1074,2018
1348660,Podvodnaya odisseya,Volkov,Nikolai,1248,2004
5785076,,Ivanov,Andrei,231,1855
4902257,Labirinty razuma,Yakovlev,Nikolai,326,1970
9986395,Na dnye,Kuznetsov,Leonid,1781,1877
2279662,Kapitanskaya dochka,Ivanov,Alexei,366,1959
5025426,Serebryanoye ozero,Ivanov,Artem,1591,1981
6472068,Serebryanoye ozero,Kuznetsov,Andrei,390,1898
4793782,Deti kapitana Granta,Petrov,Dmitri,815,1971
9630794,Legendy severa,Yakovlev,Roman,1848,1925
2065146,Den strashnogo suda,Lebedev,Ivan,834,1821
5296843,Na beregu vechnosti,Novikov,Roman,1486,2007
4906766,Zov predkov,Chernov,Pavel,285,1973
2208298,Na dnye,Lebedev,Alexei,196,1976
1087842,Tayna Karpat,Orlov,Mikhail,1565,1960
8439082,Labirinty razuma,Ivanov,Vladislav,86,1980
7868601,Poezd na Yumu,Fedorov,Roman,1040,1820
3097709,Zvezdnyy pilot,Pavlov,Artem,512,1883
1723876,Vokzal mechty,Zaitsev,Konstantin,1720,1838
1953180,Tayna tretey planety,Volkov,Oleg,940,1928
1190147,Vybor cheloveka,Sidorov,Maxim,1719,1916
1078959,Tolstoy: Zhizn i vremya,Sidorov,Dmitri,161,1852
4623664,Legendy severa,Ivanov,Artem,1479,1826
2314055,Labirinty razuma,Kalinin,Vladislav,1918,2013
7691550,Anna Karenina,Volkov,Andrei,666,1896
3822291,,Ivanov,Sergei,1798,2010
1974436,Vremya pervykh,Popov,Ivan,956,1914
2367615,Tolko ty,Smirnov,Leonid,1473,1916
7870496,Iskusstvo voiny,Kuznetsov,Andrei,380,1813
8016141,Zvezdnyy pilot,Chernov,Andrei,1476,1903
6809519,Proshchay oruzhiye,Petrov,Maxim,598,1983
8820572,Pod znakom Vody,Lebedev,Viktor,219,1863
8628673,Deti kapitana Granta,Karpov,Gennady,898,1997
8426301,Podvodnaya odisseya,Makarov,Gennady,1708,1875
8636308,Dostoevsky: Sudba i tvorchestvo,Pavlov,Leonid,711,1840
9878747,Tikhiy Don,Karpov,Oleg,161,1835
5973053,Vokzal mechty,Sidorov,Oleg,121,1842
9126835,Gore ot uma,Morozov,Maxim,339,1988
1148816,Podvodnaya odisseya,Volkov,Nikolai,1250,1984
6528988,Kapitanskaya dochka,Chernov,Konstantin,1590,1811
8715986,Svet vo t'me,Kalinin,Roman,1135,1851
2828854,Na dnye,Ivanov,Alexei,1452,2021
6502490,Gore ot uma,Novikov,Gennady,1520,2008
1824726,Iskry budushchego,Kuznetsov,Stanislav,1319,1912
9524991,Deti kapitana Granta,Chernov,Maxim,735,1823
7149185,Rasskazy o prirode,Volkov,Alexei,1912,1832
4073435,Iskry budushchego,Orlov,Mikhail,1879,1875
1491937,Tolstoy: Zhizn i vremya,Smirnov,Nikolai,1920,1922
1771403,Master i Margarita,Makarov,Konstantin,1402,1837
4152047,Dostoevsky: Sudba i tvorchestvo,Kalinin,Ivan,105,2009
2175528,Prestuplenie i nakazanie,Chernov,Gennady,1539,2009
4427216,Iskusstvo voiny,Egorov,Artem,1908,1949
4667299,Podvodnaya odisseya,Lebedev,Viktor,1444,1858
6696624,Besy,Karpov,Vladislav,280,1877
9038494,Zateryanny mir,Zaitsev,Vladislav,930,2002
7304169,Iskry budushchego,Chernov,Pavel,636,1888
3011439,Gore ot uma,Fedorov,Dmitri,1768,1853
5904521,Na beregu vechnosti,Fedorov,Artem,1198,1946
1752340,Na krae zemli,Makarov,Roman,1604,1841
1726737,Metamorfozy,Zaitsev,Yaroslav,205,2006
2155939,Legendy severa,Petrov,Pavel,1188,1847
4255140,Iskusstvo voiny,Kuznetsov,Pavel,186,1994
3740287,Put do zvyozd,Orlov,Andrei,286,1845
6865600,Prestuplenie i nakazanie,Volkov,Gennady,570,1944
3509667,Vremya pervykh,Petrov,Mikhail,1902,1975
7792379,Iskry budushchego,Orlov,Vladislav,875,1864
8157916,Khroniki budushchego,Fedorov,Dmitri,1508,2003
2640515,Tayna tretey planety,Ivanov,Pavel,1865,1893
4706672,Poezd na Yumu,Pavlov,Vladislav,1457,1826
9191982,Put do zvyozd,Pavlov,Dmitri,789,1872
5147801,Tayna Karpat,Orlov,Artem,1725,1958
5057110,Mir v teni,Yakovlev,Ivan,1957,1819
8347571,Zhemchuzhnoe ozero,Lebedev,Roman,1216,1815
6662770,Posledniy chelovek,Makarov,Roman,1245,1846
7230704,Na krae zemli,Zaitsev,Leonid,661,1828
3274238,Besy,Makarov,Yaroslav,1352,1850
4738455,Zhemchuzhnoe ozero,Kuznetsov,Viktor,123,1986
4485686,Plamya i led,Ivanov,Andrei,1260,1987
1949805,Na dnye,Ivanov,Dmitri,1977,1867
3940600,Posledniy chelovek,Pavlov,Leonid,667,1934
5182984,Tikhiy Don,Lebedev,Alexei,471,1840
9203575,Noch svobody,Yakovlev,Dmitri,1200,1862
3124648,Zemlya lyudey,Egorov,Konstantin,542,1886
6446847,Zhemchuzhnoe ozero,Morozov,Mikhail,1645,2010
4837251,Tikhiy Don,Novikov,Viktor,1228,1990
2418613,Posledniy geroy,Zaitsev,Maxim,1700,1981
3762584,Serebryanoye ozero,Smirnov,Roman,158,1970
2933460,Labirinty razuma,Petrov,Boris,1297,2008
3702349,Doroga v nikuda,Lebedev,Maxim,659,1885
3305688,Zhemchuzhnoe ozero,Smirnov,Ivan,1844,1897
7154222,Proshchay oruzhiye,Kuznetsov,Sergei,171,1938
5842999,Zvezdnyy pilot,Novikov,Ivan,547,1888
5302402,Vokzal mechty,Popov,Viktor,811,1834
6010213,Severny veter,Ivanov,Maxim,1133,1814
7908527,Kapitanskaya dochka,Kuznetsov,Yaroslav,724,1993
5683442,Proshchay oruzhiye,Smirnov,Ivan,797,1899
5395947,Metamorfozy,Yakovlev,Maxim,1202,1943
5528632,Podvodnaya odisseya,Yakovlev,Oleg,998,1944
5389689,Domovoy,Kalinin,Nikolai,1463,1953
1775446,Mir v teni,Petrov,Artem,815,1879
9247021,Vokzal mechty,Fedorov,Nikolai,824,1892
3276573,Domovoy,Pavlov,Nikolai,880,1864
8879992,Anna Karenina,Zaitsev,Andrei,140,1846
4366025,Vokzal mechty,Chernov,Maxim,669,1863
5524286,Zov predkov,Ivanov,Konstantin,1495,1986
2770867,Ocherednoy pervy klas,Yakovlev,Stanislav,444,1891
7701033,Anna Karenina,Karpov,Ivan,58,1860
7711309,Labirinty razuma,Ivanov,Sergei,381,1837
9098125,Tayna Karpat,Zaitsev,Ivan,657,1997
4074134,Labirinty razuma,Fedorov,Vladislav,164,1930
1574828,Vremya pervykh,Yakovlev,Pavel,613,1902
3589116,Vokzal mechty,Novikov,Artem,305,1808
6967954,Plamya i led,Fedorov,Oleg,371,1900
2563211,Proshchay oruzhiye,Volkov,Artem,1731,1817
6527408,Poslednyaya zvezda,Popov,Vladislav,891,1841
9638706,Plamya i led,Fedorov,Roman,1295,1888
6056332,Tayna Karpat,Smirnov,Viktor,1666,1965
6773714,Tikhiy Don,Zaitsev,Sergei,506,1995
5008603,Tolstoy: Zhizn i vremya,Volkov,Mikhail,50,1842
2783958,Na beregu vechnosti,Zaitsev,Yaroslav,782,1852
1581985,Zvyozdnyy rubikon,Ivanov,Stanislav,1442,2019
9692948,Na krae zemli,Egorov,Mikhail,137,1867
8125324,Vremya pervykh,Chernov,Vladislav,1037,2001
8170539,Polyarnaya zvezda,Fedorov,Mikhail,555,1893
5282746,Poezd na Yumu,Kalinin,Vladislav,1961,1837
4882549,Doroga v nikuda,Kalinin,Ivan,1709,1996
1481534,Severny veter,Smirnov,Maxim,981,1832
1328944,Mir v teni,Kalinin,Boris,256,1964
8417059,Na beregu vechnosti,Fedorov,Boris,688,1848
8292219,Tolstoy: Zhizn i vremya,Pavlov,Mikhail,1364,1966
3158558,Tolko ty,Karpov,Artem,1926,1998
3141026,Proshchay oruzhiye,Volkov,Boris,1148,1861
5443878,Iskry budushchego,Orlov,Ivan,1494,1994
5390334,Proshchay oruzhiye,Makarov,Yaroslav,760,1841
8761016,Zov predkov,Karpov,Maxim,1962,1849
9939779,Na beregu vechnosti,Orlov,Maxim,167,1949
8880307,Tikhiy Don,Orlov,Mikhail,1751,1865
5279102,Na krae zemli,Zaitsev,Viktor,797,1916
5301882,Metamorfozy,Kalinin,Leonid,1764,1904
3543992,Zvezdnyy pilot,Smirnov,Oleg,1308,1987
7396945,Legendy severa,Kuznetsov,Andrei,1607,1860
7093991,Svet vo t'me,Lebedev,Vladislav,60,1995
9021767,Zov predkov,Smirnov,Sergei,593,1848
4344065,Poslednyaya zvezda,Smirnov,Konstantin,435,1820
4306686,Pyat zvyozd,Kuznetsov,Viktor,954,2002
1111399,Poslednyaya zvezda,Orlov,Viktor,1216,1997
3359766,Rasskazy o prirode,Fedorov,Vladislav,332,1984
4525772,Na dnye,Karpov,Nikolai,1130,1898
8579907,Na beregu vechnosti,Kuznetsov,Konstantin,1920,1837
1492763,Zemlya lyudey,Kalinin,Roman,351,1869
7123648,Noch svobody,Morozov,Stanislav,1490,1975
3375943,Vokzal mechty,Karpov,Vladislav,1348,1872
2999466,Iskry budushchego,Petrov,Leonid,1326,1984
1888976,Posledniy geroy,Sidorov,Roman,561,1969
6032750,Anna Karenina,Kalinin,Gennady,1925,1992
8412263,Serebryanoye ozero,Popov,Mikhail,1056,1811
1444007,Besy,Kuznetsov,Roman,1200,1863
2827609,Ocherednoy pervy klas,Smirnov,Vladislav,995,2012
1584553,Zvyozdnyy rubikon,Volkov,Yaroslav,1880,1994
7547851,Den strashnogo suda,Egorov,Boris,708,1807
9923460,Khroniki budushchego,Popov,Stanislav,1646,1962
1373030,Ocherednoy pervy klas,Zaitsev,Nikolai,1244,1937
8555629,Serebryanoye ozero,Novikov,Vladislav,1239,1904
7001665,Pod znakom Vody,Kuznetsov,Pavel,1647,1828
1093998,Zvezdnyy pilot,Karpov,Alexei,1954,2022
6290414,Poslednyaya zvezda,Sidorov,Konstantin,1707,1994
4161900,Gravitatsiya,Karpov,Andrei,924,1880
2494471,Master i Margarita,Ivanov,Leonid,778,2011
4998409,Na beregu vechnosti,Makarov,Vladislav,651,1909
9077894,Severny veter,Lebedev,Viktor,585,1809
1834157,Tolstoy: Zhizn i vremya,Kalinin,Maxim,75,1823
6470172,Polyarnaya zvezda,Popov,Ivan,1482,1987
9256202,Kapitanskaya dochka,Fedorov,Yaroslav,177,1936
8391430,Tayna Karpat,Kalinin,Roman,854,1836
8975525,Poslednyaya zvezda,Kalinin,Pavel,104,1810
2922583,Serebryanoye ozero,Kalinin,Konstantin,753,1947
8397170,Podvodnaya odisseya,Smirnov,Maxim,1733,2018
3996753,Iskusstvo voiny,Chernov,Yaroslav,1718,1820
1868079,Poslednyaya zvezda,Petrov,Oleg,1778,1880
3206301,Dostoevsky: Sudba i tvorchestvo,Novikov,Pavel,433,1814
5937579,Tayna tretey planety,Yakovlev,Maxim,1938,1893
2189894,Master i Margarita,Kuznetsov,Oleg,315,1968
4527173,Tayna tretey planety,Makarov,Mikhail,979,1887
6455185,Rasskazy o prirode,Morozov,Andrei,1038,2016
4436014,Master i Margarita,Smirnov,Maxim,1059,1984
4762565,Tayna tretey planety,Lebedev,Ivan,1175,1997
8982523,Iskusstvo voiny,Orlov,Boris,64,1881
5248746,Iskusstvo voiny,Morozov,Ivan,1142,1820
7160612,Zemlya lyudey,Kuznetsov,Gennady,1349,1876
7420056,Polyarnaya zvezda,Smirnov,Viktor,1695,1964
8359501,Vremennaya petlya,Ivanov,Leonid,370,1981
9270274,Vremennaya petlya,Makarov,Andrei,1979,1862
5453353,Tolstoy: Zhizn i vremya,Zaitsev,Dmitri,1858,1899
8476605,Noch svobody,Makarov,Dmitri,1686,1930
3328596,Zvezdnyy pilot,Zaitsev,Yaroslav,1052,2012
6156036,Na beregu vechnosti,Volkov,Alexei,690,1847
5870557,Vybor cheloveka,Smirnov,Maxim,534,1855
1145339,Prestuplenie i nakazanie,Volkov,Dmitri,1142,1910
5889039,Domovoy,Makarov,Ivan,1108,2018
3939020,Metamorfozy,Zaitsev,Mikhail,1811,1978
4876207,Tayna Karpat,Makarov,Dmitri,1815,1833
7842068,Plamya i led,Chernov,Pavel,525,1944
8475326,Na dnye,Pavlov,Nikolai,886,1994
5699526,Iskry budushchego,Egorov,Yaroslav,100,1975
4853312,Vremennaya petlya,Smirnov,Leonid,970,1875
9973487,Piknyk na obochine,Smirnov,Sergei,835,1826
9418831,Severny veter,Novikov,Artem,707,1845
8350624,Posledniy chelovek,Novikov,Gennady,611,1851
1643301,Domovoy,Karpov,Viktor,781,1870
7551546,Na krae zemli,Chernov,Yaroslav,1680,1992
8968495,Pod znakom Vody,Pavlov,Artem,953,1802
1358412,Noch svobody,Ivanov,Artem,1802,1986
4731502,Piknyk na obochine,Karpov,Gennady,1065,1908
4919322,Deti kapitana Granta,Lebedev,Ivan,1316,1974
1611240,Dostoevsky: Sudba i tvorchestvo,Lebedev,Pavel,1849,1886
7760744,Rasskazy o prirode,Egorov,Sergei,1985,1948
9569463,Posledniy geroy,Sidorov,Stanislav,1985,1826
7561104,Vremya pervykh,Fedorov,Leonid,1451,1930
8342267,Den strashnogo suda,Lebedev,Ivan,258,1820
4310976,Noch svobody,Makarov,Vladislav,154,1819
9840442,Tayna tretey planety,Orlov,Roman,1352,1862
1094334,Metamorfozy,Yakovlev,Viktor,956,2001
6694484,Domovoy,Volkov,Andrei,313,1957
6678925,Plamya i led,Volkov,Konstantin,1561,1814
9382240,Zhemchuzhnoe ozero,Lebedev,Stanislav,1817,1844
4643585,Noch svobody,Kuznetsov,Yaroslav,547,1854
4010390,Zemlya lyudey,Petrov,Dmitri,380,1872
4497317,Besy,Petrov,Roman,1995,1873
5589121,Master i Margarita,Orlov,Roman,752,1934
6197744,Kapitanskaya dochka,Chernov,Andrei,1670,1814
7246817,Khroniki budushchego,Ivanov,Boris,301,1928
6425553,Prestuplenie i nakazanie,Fedorov,Sergei,1288,1947
5600267,Pyat zvyozd,Ivanov,Dmitri,253,1903
6798489,Belaya gvardiya,Novikov,Ivan,600,1967
2109662,Proshchay oruzhiye,Morozov,Pavel,498,1814
2074071,Podvodnaya odisseya,Karpov,Viktor,1637,1873
8791475,Noch svobody,Fedorov,Sergei,236,2013
5677836,Master i Margarita,Egorov,Stanislav,1213,1924
4431138,Zvezdnyy pilot,Petrov,Oleg,299,1974
5296728,Metamorfozy,Fedorov,Ivan,887,2003
1834925,Tayna tretey planety,Sidorov,Alexei,1095,1844
7595250,Zhemchuzhnoe ozero,Ivanov,Maxim,1184,1865
1439623,Piknyk na obochine,Kuznetsov,Dmitri,1603,1933
9571868,Poezd na Yumu,Makarov,Stanislav,1271,1860
4967211,Dostoevsky: Sudba i tvorchestvo,Ivanov,Konstantin,268,1896
3694524,Piknyk na obochine,Chernov,Roman,1194,1884
2444112,Kapitanskaya dochka,Sidorov,Maxim,551,1960
7155298,,Kuznetsov,Ivan,212,1982
2973620,Na dnye,Kalinin,Yaroslav,167,1818
5482521,Put do zvyozd,Kuznetsov,Boris,1468,2024
3588404,Na beregu vechnosti,Zaitsev,Andrei,1072,1861
7962759,Zemlya lyudey,Makarov,Artem,780,2017
9673723,Na dnye,Lebedev,Gennady,1766,1819
1998765,Mgnoveniya vechnosti,Ivanov,Yaroslav,813,1803
5467456,Vokzal mechty,Pavlov,Sergei,657,1981
8333105,Besy,Pavlov,Stanislav,1288,1948
2404749,Serebryanoye ozero,Zaitsev,Alexei,411,1860
4568392,Svet vo t'me,Makarov,Viktor,1423,1915
8312487,Severny veter,Orlov,Artem,667,1870
9476674,Polyarnaya zvezda,Makarov,Stanislav,1248,1977
4426124,Metamorfozy,Ivanov,Gennady,1214,1882
3727206,Pyat zvyozd,Sidorov,Viktor,1371,1826
6031910,Vremya pervykh,Morozov,Artem,76,1810
1046675,Iskusstvo voiny,Novikov,Boris,1357,1987
2348780,Pod znakom Vody,Kalinin,Gennady,1071,1806
7202493,Iskusstvo voiny,Pavlov,Nikolai,1106,1868
4954983,Domovoy,Petrov,Dmitri,242,2015
7030132,Vybor cheloveka,Petrov,Oleg,335,1992
7223275,Zvezdnyy pilot,Fedorov,Andrei,1937,1833
5407237,Belaya gvardiya,Orlov,Dmitri,454,2009
2469472,Zvezdnyy pilot,Yakovlev,Mikhail,1210,1915
8863108,Na beregu vechnosti,Ivanov,Artem,533,1812
2817971,Ocherednoy pervy klas,Smirnov,Maxim,308,1961
9349640,Serebryanoye ozero,Popov,Gennady,1254,1839
4093587,Severny veter,Sidorov,Yaroslav,67,1840
2536462,Vybor cheloveka,Pavlov,Mikhail,262,2020
4289102,Zvyozdnyy rubikon,Chernov,Mikhail,1982,1967
1975308,Zvezdnyy pilot,Makarov,Nikolai,1624,1929
6261371,Severny veter,Popov,Alexei,1660,2018
7408318,Tayna tretey planety,Popov,Maxim,557,1996
4855242,Posledniy chelovek,Smirnov,Sergei,1244,1995
6895722,Vremennaya petlya,Petrov,Oleg,1614,1861
3558559,Zemlya lyudey,Ivanov,Stanislav,1291,1877
9241265,Vokzal mechty,Ivanov,Roman,1699,1945
3467567,Severny veter,Zaitsev,Oleg,633,1993
4055309,Deti kapitana Granta,Yakovlev,Stanislav,1887,1994
4498038,Iskusstvo voiny,Sidorov,Artem,1775,1824
3984594,,Popov,Pavel,1921,1873
2204402,Tayna glubiny,Lebedev,Boris,619,1817
8360586,Den strashnogo suda,Makarov,Mikhail,257,1845
2601391,Zemlya lyudey,Volkov,Sergei,806,1844
5059199,Poslednyaya zvezda,Yakovlev,Gennady,1554,1977
3707111,Vokzal mechty,Popov,Boris,1383,1883
4407718,Tayna glubiny,Lebedev,Ivan,856,1878
4819033,Iskusstvo voiny,Sidorov,Stanislav,996,1854
2041274,Plamya i led,Yakovlev,Nikolai,432,1852
9504136,Labirinty razuma,Egorov,Boris,1881,1870
5235713,Piknyk na obochine,Pavlov,Nikolai,102,1885
6011713,Tikhiy Don,Popov,Ivan,184,1812
1274355,Poezd na Yumu,Lebedev,Nikolai,1852,1888
5385131,Den strashnogo suda,Makarov,Mikhail,1244,1934
5769604,Put do zvyozd,Orlov,Pavel,1636,1972
6419574,Rasskazy o prirode,Novikov,Pavel,215,1966
6112174,Svet vo t'me,Kuznetsov,Vladislav,1702,2022
1775470,Rasskazy o prirode,Novikov,Oleg,1196,1817
4064243,Domovoy,Zaitsev,Artem,761,2005
6621406,Proshchay oruzhiye,Smirnov,Artem,770,1836
9766032,Zhemchuzhnoe ozero,Egorov,Leonid,284,1837
9072788,Polyarnaya zvezda,Kalinin,Yaroslav,1847,1905
7967646,Iskry budushchego,Zaitsev,Stanislav,513,2010
6542568,Svet vo t'me,Pavlov,Vladislav,1077,2024
2362279,Posledniy chelovek,Kalinin,Gennady,1754,1857
6984488,Serebryanoye ozero,Popov,Konstantin,330,1971
3551790,Na krae zemli,Petrov,Sergei,614,1805
9980841,Serebryanoye ozero,Volkov,Sergei,185,1948
2077948,Den strashnogo suda,Volkov,Oleg,1801,1861
1600051,Plamya i led,Popov,Pavel,72,1923
5687847,Tikhiy Don,Egorov,Artem,236,1933
4286634,Zvezdnyy pilot,Makarov,Roman,1389,1936
6976420,Plamya i led,Pavlov,Ivan,913,1917
9419836,Plamya i led,Egorov,Maxim,1705,1942
2503056,Kogda goryat mosty,Zaitsev,Gennady,1628,1885
7123332,Vremya pervykh,Kuznetsov,Alexei,571,1971
2394091,Na beregu vechnosti,Smirnov,Konstantin,713,1836
1375280,Metamorfozy,Zaitsev,Dmitri,1664,1898
6054880,Den strashnogo suda,Sidorov,Artem,1201,1858
3818497,Zhemchuzhnoe ozero,Karpov,Gennady,1974,1948
5407409,Prestuplenie i nakazanie,Makarov,Boris,967,2008
4078491,Besy,Ivanov,Ivan,402,1950
7858958,Ocherednoy pervy klas,Sidorov,Stanislav,406,1853
1819786,Prestuplenie i nakazanie,Makarov,Artem,509,1987
9793560,Svet vo t'me,Petrov,Viktor,643,1887
1013066,Posledniy geroy,Zaitsev,Alexei,795,1889
1817673,Zateryanny mir,Smirnov,Boris,510,1976
4542596,Piknyk na obochine,Popov,Sergei,1103,1866
2931890,Metamorfozy,Yakovlev,Ivan,589,1920
9542283,Zateryanny mir,Popov,Leonid,1697,1959
6730408,Tayna Karpat,Popov,Andrei,1578,1829
7974765,Severny veter,Ivanov,Oleg,350,1827
7500780,Posledniy chelovek,Sidorov,Dmitri,1931,1899
3408549,Tayna Karpat,Morozov,Oleg,561,1871
1911590,Khroniki budushchego,Kuznetsov,Pavel,1642,1933
9652269,Podvodnaya odisseya,Sidorov,Sergei,341,1877
9964255,Zvezdnyy pilot,Makarov,Alexei,1174,1926
7165785,Prestuplenie i nakazanie,Fedorov,Pavel,1069,1958
2395508,Na beregu vechnosti,Zaitsev,Mikhail,893,1946
3232476,Posledniy geroy,Pavlov,Leonid,1249,1879
6228552,Na beregu vechnosti,Morozov,Maxim,798,1975
1050574,Na krae zemli,Ivanov,Stanislav,1290,1921
4423731,Belaya gvardiya,Karpov,Yaroslav,510,1867
8901412,Zemlya lyudey,Zaitsev,Oleg,1444,1808
3997545,Zov predkov,Lebedev,Alexei,1302,1827
5605075,Zov predkov,Orlov,Gennady,534,1828
3378276,Domovoy,Ivanov,Gennady,1593,1865
8246093,Vremya pervykh,Chernov,Sergei,701,1956
1314241,Poezd na Yumu,Egorov,Boris,574,1916
3866996,Metamorfozy,Kuznetsov,Pavel,931,1895
1861610,Zvyozdnyy rubikon,Yakovlev,Artem,222,1951
6325689,Iskry budushchego,Novikov,Andrei,1605,1985
3000087,Tayna glubiny,Smirnov,Sergei,1734,1997
5155723,Proshchay oruzhiye,Morozov,Vladislav,735,1901
3985145,Rasskazy o prirode,Orlov,Mikhail,1973,1884
6603459,Zvyozdnyy rubikon,Orlov,Gennady,1501,1828
7783704,Den strashnogo suda,Kalinin,Maxim,90,1942
8494358,Anna Karenina,Pavlov,Nikolai,203,1869
7462471,Tayna tretey planety,Kuznetsov,Roman,1045,1944
4507016,Kapitanskaya dochka,Chernov,Viktor,1772,1900
8309013,Tolko ty,Ivanov,Viktor,1259,1996
1091557,Pyat zvyozd,Kuznetsov,Yaroslav,1512,1990
4495339,Legendy severa,Pavlov,Sergei,214,1823
1372833,Zvyozdnyy rubikon,Volkov,Gennady,60,1871
6314246,Vremya pervykh,Volkov,Artem,1195,2014
7079152,Metamorfozy,Smirnov,Andrei,673,1916
5839757,Tolstoy: Zhizn i vremya,Yakovlev,Roman,971,1909
9028250,Vokzal mechty,Kalinin,Artem,791,2012
5641077,Vremennaya petlya,Sidorov,Konstantin,646,1989
6625205,Domovoy,Chernov,Pavel,832,1845
4008315,Mir v teni,Chernov,Yaroslav,640,1863
3319748,Besy,Petrov,Dmitri,1615,1993
1392604,Kapitanskaya dochka,Egorov,Nikolai,1840,1932
7985554,Besy,Smirnov,Nikolai,805,1982
8604727,Pyat zvyozd,Sidorov,Pavel,124,1923
5534953,Vremennaya petlya,Orlov,Artem,551,2023
8081000,Zvezdnyy pilot,Ivanov,Konstantin,1590,1902
7445734,Put do zvyozd,Yakovlev,Yaroslav,127,1939
1824432,Mir v teni,Fedorov,Alexei,1770,1813
2294646,Pod znakom Vody,Egorov,Viktor,446,2000
6228081,Domovoy,Kalinin,Maxim,321,1926
2006162,Svet vo t'me,Volkov,Artem,439,1884
9578058,Plamya i led,Volkov,Yaroslav,976,1851
9901726,Zov predkov,Sidorov,Vladislav,1557,1909
9044105,Tikhiy Don,Sidorov,Yaroslav,1800,1864
8991087,Den strashnogo suda,Egorov,Gennady,1004,1807
8092299,Kapitanskaya dochka,Volkov,Andrei,1485,1995
9830788,Zvezdnyy pilot,Orlov,Konstantin,901,1954
6286184,Kapitanskaya dochka,Petrov,Sergei,481,1935
9907300,Gore ot uma,Popov,Viktor,964,1806
3141349,Posledniy geroy,Kalinin,Sergei,1935,1891
5003162,Na beregu vechnosti,Volkov,Viktor,1297,1871
9579278,Iskry budushchego,Kalinin,Alexei,1006,1802
4370588,Doroga v nikuda,Ivanov,Nikolai,1914,1847
1024101,,Fedorov,Yaroslav,1840,1903
8592499,Put do zvyozd,Pavlov,Boris,208,2022
8126298,Master i Margarita,Orlov,Sergei,1227,1962
9544657,Iskry budushchego,Makarov,Sergei,967,1921
6756757,Pod znakom Vody,Kuznetsov,Vladislav,1468,1922
5649197,Dostoevsky: Sudba i tvorchestvo,Smirnov,Pavel,377,1984
2822403,Zhemchuzhnoe ozero,Popov,Maxim,381,2023
2974165,Anna Karenina,Petrov,Roman,1754,2018
8907269,Domovoy,Kalinin,Artem,1008,1800
9079167,Gravitatsiya,Pavlov,Roman,994,1959
1377787,Khroniki budushchego,Popov,Artem,1652,1968
3096006,Iskry budushchego,Kuznetsov,Alexei,653,1878
1576278,Poslednyaya zvezda,Petrov,Yaroslav,54,1866
7631528,Svet vo t'me,Lebedev,Ivan,1611,1964
2967300,Posledniy chelovek,Pavlov,Ivan,680,1944
8614101,Podvodnaya odisseya,Petrov,Pavel,380,1980
8546096,Domovoy,Volkov,Oleg,1430,1842
2890680,Na krae zemli,Volkov,Maxim,1948,1941
8811744,Vremya pervykh,Chernov,Andrei,96,1992
7652483,Posledniy chelovek,Fedorov,Alexei,1075,1962
5075896,Rasskazy o prirode,Smirnov,Roman,1377,1899
9872767,Doroga v nikuda,Ivanov,Vladislav,332,1884
3421541,Tikhiy Don,Kalinin,Pavel,1610,1902
2064546,Kapitanskaya dochka,Morozov,Mikhail,507,1954
8812570,Poezd na Yumu,Karpov,Pavel,845,1801
7772849,Metamorfozy,Zaitsev,Vladislav,1957,1834
2055765,Belaya gvardiya,Sidorov,Yaroslav,1682,1895
8971164,Plamya i led,Ivanov,Viktor,1455,1958
1167079,Vybor cheloveka,Karpov,Konstantin,1166,1954
4761831,Dostoevsky: Sudba i tvorchestvo,Egorov,Sergei,817,1866
9889482,Posledniy geroy,Pavlov,Stanislav,1759,1840
6394980,Ocherednoy pervy klas,Chernov,Vladislav,291,1907
9206670,Mir v teni,Ivanov,Gennady,816,1858
3795795,Proshchay oruzhiye,Volkov,Alexei,242,1824
1711849,Podvodnaya odisseya,Petrov,Gennady,206,1829
4933316,Anna Karenina,Kalinin,Roman,1592,2015
9344995,Vokzal mechty,Orlov,Roman,339,1809
3990223,Zvyozdnyy rubikon,Makarov,Nikolai,1890,1872
9983185,Rasskazy o prirode,Makarov,Mikhail,1872,1925
6612020,Na dnye,Karpov,Stanislav,1322,1992
6602284,Domovoy,Smirnov,Mikhail,188,2021
3716940,Iskusstvo voiny,Volkov,Andrei,168,1906
7431619,Vybor cheloveka,Popov,Boris,438,1878
6218216,Khroniki budushchego,Makarov,Yaroslav,351,1963
3213877,Zvezdnyy pilot,Sidorov,Viktor,212,1908
7086307,Labirinty razuma,Zaitsev,Dmitri,159,1864
4989293,Zov predkov,Morozov,Konstantin,1768,1908
9204089,Gravitatsiya,Kuznetsov,Dmitri,140,1807
8986852,,Zaitsev,Gennady,263,2003
5400857,Dostoevsky: Sudba i tvorchestvo,Fedorov,Ivan,300,1964
3953302,Kapitanskaya dochka,Smirnov,Ivan,1302,1875
2109733,Mir v teni,Morozov,Andrei,1235,1958
9301309,Severny veter,Zaitsev,Mikhail,1449,1955
7431536,Tayna glubiny,Kalinin,Alexei,220,1867
5856161,Put do zvyozd,Kuznetsov,Maxim,1698,1817
2029943,Ocherednoy pervy klas,Kalinin,Andrei,1477,1937
5873753,Kogda goryat mosty,Popov,Vladislav,552,1885
3673514,Gore ot uma,Makarov,Alexei,104,1921
2651071,Dostoevsky: Sudba i tvorchestvo,Popov,Ivan,1728,1883
3426609,Kapitanskaya dochka,Morozov,Konstantin,1952,1972
6007589,Na krae zemli,Kalinin,Yaroslav,1013,1964
6328179,Kapitanskaya dochka,Egorov,Pavel,760,1908
2428014,Gore ot uma,Pavlov,Sergei,1569,1821
7031663,Iskry budushchego,Egorov,Viktor,1749,1992
7088067,Put do zvyozd,Chernov,Nikolai,975,1825
5096586,Dostoevsky: Sudba i tvorchestvo,Petrov,Sergei,458,2017
9755902,Posledniy chelovek,Orlov,Nikolai,1304,1845
9266696,Tayna glubiny,Chernov,Dmitri,805,1946
9327862,Gore ot uma,Pavlov,Alexei,628,1887
4580332,Plamya i led,Ivanov,Konstantin,1228,1947
3394239,Tolko ty,Sidorov,Roman,1378,1906
8296295,Den strashnogo suda,Kuznetsov,Maxim,866,1802
7056891,Belaya gvardiya,Sidorov,Andrei,1132,2003
6893737,Prestuplenie i nakazanie,Pavlov,Artem,1097,1905
1739694,Metamorfozy,Karpov,Artem,801,1924
9089674,Tolko ty,Kuznetsov,Andrei,1390,1871
7246875,Belaya gvardiya,Petrov,Viktor,322,1872
1780667,Pod znakom Vody,Orlov,Artem,1507,1987
8681215,Zemlya lyudey,Lebedev,Pavel,1871,1881
3664749,Iskusstvo voiny,Smirnov,Alexei,987,1946
7966813,Zateryanny mir,Lebedev,Viktor,283,1971
4704987,Belaya gvardiya,Egorov,Oleg,1715,1944
8293391,Posledniy geroy,Kalinin,Nikolai,1090,1820
8374753,Podvodnaya odisseya,Makarov,Leonid,103,1857
5333548,Piknyk na obochine,Makarov,Sergei,1143,1901
8721079,Zov predkov,Lebedev,Roman,244,2014
3304972,Vremennaya petlya,Fedorov,Stanislav,223,1926
2844366,Serebryanoye ozero,Pavlov,Artem,1558,1935
6013244,Doroga v nikuda,Kalinin,Ivan,1031,1879
9490716,Anna Karenina,Kalinin,Yaroslav,472,1840
6990855,Vremennaya petlya,Karpov,Oleg,1111,1858
5112073,Zvezdnyy pilot,Ivanov,Ivan,1850,1920
1650844,Tolko ty,Lebedev,Pavel,1151,1969
3213667,Zvezdnyy pilot,Chernov,Konstantin,64,1860
2507673,Dostoevsky: Sudba i tvorchestvo,Orlov,Maxim,536,2017
4516639,Severny veter,Kalinin,Alexei,1970,1908
6223115,Rasskazy o prirode,Novikov,Andrei,1945,1803
2401293,Svet vo t'me,Sidorov,Dmitri,1509,1822
9046137,Doroga v nikuda,Fedorov,Andrei,980,1922
5793567,Gravitatsiya,Yakovlev,Gennady,1709,2018
3652982,Vremennaya petlya,Yakovlev,Viktor,1894,1849
2595875,Vremennaya petlya,Egorov,Pavel,447,1956
3282342,Severny veter,Pavlov,Stanislav,1034,1985
9603445,Put do zvyozd,Sidorov,Gennady,1364,1861
5206147,Vybor cheloveka,Smirnov,Stanislav,796,2021
3351834,Anna Karenina,Petrov,Alexei,1808,2009
8129966,Domovoy,Petrov,Dmitri,1236,1997
8727094,Dostoevsky: Sudba i tvorchestvo,Chernov,Leonid,1855,2007
4980639,Podvodnaya odisseya,Morozov,Oleg,1813,1862
7689960,Tolko ty,Lebedev,Artem,1126,1849
6075596,Podvodnaya odisseya,Ivanov,Andrei,1057,1823
7298045,Zhemchuzhnoe ozero,Volkov,Roman,936,1873
3601426,Iskusstvo voiny,Chernov,Artem,1311,1829
2282581,Besy,Egorov,Stanislav,1074,1834
1846026,Dostoevsky: Sudba i tvorchestvo,Kuznetsov,Mikhail,774,1929
6550007,Ocherednoy pervy klas,Kalinin,Stanislav,1206,1898
7367215,Vybor cheloveka,Lebedev,Alexei,528,1885
9508654,Tolstoy: Zhizn i vremya,Sidorov,Pavel,935,1869
7202180,Put do zvyozd,Yakovlev,Alexei,774,1975
2893510,Pyat zvyozd,Kuznetsov,Oleg,327,1821
6229840,,Novikov,Boris,1398,1827
1889713,Metamorfozy,Morozov,Alexei,1928,1810
3026703,Vremennaya petlya,Fedorov,Sergei,88,1949
9646295,Iskry budushchego,Morozov,Stanislav,1075,1833
3432692,Tayna glubiny,Ivanov,Ivan,1366,1813
3858781,Besy,Lebedev,Boris,1297,1967
3441002,Pod znakom Vody,Makarov,Maxim,1411,2021
5124523,Zvyozdnyy rubikon,Petrov,Yaroslav,1977,1833
3908435,Labirinty razuma,Sidorov,Nikolai,1548,1920
5899803,Metamorfozy,Kuznetsov,Leonid,128,1921
1417663,Na krae zemli,Karpov,Artem,761,1948
9268610,Tayna tretey planety,Ivanov,Roman,161,1989
5608931,Anna Karenina,Lebedev,Gennady,1290,1961
6440304,Tayna glubiny,Kuznetsov,Boris,1310,1807
9140512,Kogda goryat mosty,Egorov,Leonid,650,1851
7325091,Iskusstvo voiny,Karpov,Boris,1786,1871
2541040,Iskry budushchego,Lebedev,Oleg,1932,1986
1344223,Svet vo t'me,Zaitsev,Sergei,1687,1865
9642401,Kogda goryat mosty,Popov,Vladislav,171,1973
8576500,Pyat zvyozd,Orlov,Ivan,1232,1882
9091193,Noch svobody,Kalinin,Ivan,1540,1998
1299279,Na dnye,Smirnov,Gennady,1460,1844
6021662,Vokzal mechty,Ivanov,Leonid,248,1955
6872975,Vremennaya petlya,Fedorov,Boris,1424,1851
8314649,Belaya gvardiya,Chernov,Yaroslav,1380,1827
5264845,Polyarnaya zvezda,Smirnov,Oleg,1289,1884
8047692,Belaya gvardiya,Sidorov,Stanislav,254,1872
1678051,Khroniki budushchego,Volkov,Pavel,1742,1825
9536611,Poslednyaya zvezda,Novikov,Viktor,1024,1930
4780564,Ocherednoy pervy klas,Petrov,Andrei,1881,2012
9546209,Dostoevsky: Sudba i tvorchestvo,Petrov,Oleg,1936,1830
3067512,Vybor cheloveka,Makarov,Ivan,1494,1944
3322056,Legendy severa,Zaitsev,Artem,1607,2009
1766352,Piknyk na obochine,Egorov,Konstantin,404,1893
1541701,Na beregu vechnosti,Fedorov,Yaroslav,674,1920
1089520,Zateryanny mir,Chernov,Viktor,1874,1842
2165839,Khroniki budushchego,Fedorov,Dmitri,419,1913
4948748,Na beregu vechnosti,Petrov,Artem,838,1986
5845194,Legendy severa,Makarov,Andrei,542,1995
1857170,Pod znakom Vody,Ivanov,Ivan,1819,1867
1765716,Ocherednoy pervy klas,Karpov,Ivan,1835,1887
7772387,Deti kapitana Granta,Volkov,Artem,1628,1819
6727754,Ocherednoy pervy klas,Popov,Leonid,802,1890
8286380,Na beregu vechnosti,Smirnov,Andrei,518,1956
4124168,Kogda goryat mosty,Sidorov,Stanislav,642,1959
7009364,Na krae zemli,Popov,Alexei,903,1893
6874238,Doroga v nikuda,Smirnov,Leonid,194,1902
7866285,Legendy severa,Lebedev,Roman,304,1928
1549496,Posledniy chelovek,Petrov,Viktor,1242,1933
8389207,Pod znakom Vody,Chernov,Ivan,845,1840
3466210,Mir v teni,Morozov,Mikhail,871,2024
5392768,Ocherednoy pervy klas,Kalinin,Mikhail,627,1831
1896228,Pyat zvyozd,Smirnov,Viktor,1104,1856
4621173,Kogda goryat mosty,Ivanov,Pavel,800,1992
3515708,Tolko ty,Volkov,Mikhail,1874,1801
4858490,Vybor cheloveka,Petrov,Andrei,674,1923
4380193,Anna Karenina,Kuznetsov,Gennady,1612,1994
7763348,Tikhiy Don,Ivanov,Stanislav,871,1832
3970852,Vokzal mechty,Orlov,Dmitri,1367,1838
9163811,Zvezdnyy pilot,Lebedev,Konstantin,322,1868
3489733,Tayna Karpat,Egorov,Sergei,444,1848
5377038,Prestuplenie i nakazanie,Yakovlev,Konstantin,295,1916
5872600,Master i Margarita,Fedorov,Sergei,1383,1863
4486043,Pod znakom Vody,Popov,Andrei,418,2016
4831205,Metamorfozy,Egorov,Dmitri,787,2006
8119248,Rasskazy o prirode,Kuznetsov,Roman,846,1881
6015283,Kogda goryat mosty,Ivanov,Alexei,1959,1972
9116311,Gravitatsiya,Egorov,Andrei,1780,1948
3470662,Zhemchuzhnoe ozero,Popov,Roman,521,1802
2460541,Na krae zemli,Volkov,Dmitri,1692,1824
1389634,Vokzal mechty,Fedorov,Roman,1077,2023
9774514,Na krae zemli,Pavlov,Oleg,581,1926
7797119,Zhemchuzhnoe ozero,Morozov,Stanislav,1054,1988
5874410,Legendy severa,Egorov,Alexei,1896,1865
9487613,Put do zvyozd,Karpov,Ivan,1098,1802
3984603,Dostoevsky: Sudba i tvorchestvo,Kuznetsov,Boris,1412,1974
7854686,Mgnoveniya vechnosti,Pavlov,Ivan,1233,1903
8353744,Doroga v nikuda,Orlov,Andrei,1330,1817
7133403,Iskry budushchego,Lebedev,Boris,1373,1890
3841456,Domovoy,Petrov,Roman,1430,1891
8536166,Prestuplenie i nakazanie,Novikov,Roman,702,1980
1531045,Legendy severa,Popov,Oleg,756,1850
4735819,Domovoy,Volkov,Gennady,769,1953
8863551,Gravitatsiya,Pavlov,Mikhail,551,1899
5360135,,Smirnov,Leonid,1382,2010
7552559,Pyat zvyozd,Smirnov,Pavel,90,2018
8606151,Zov predkov,Smirnov,Yaroslav,1810,1872
4900786,Prestuplenie i nakazanie,Lebedev,Viktor,1360,1963
8001113,Gravitatsiya,Sidorov,Oleg,1932,1887
7851110,Belaya gvardiya,Ivanov,Nikolai,1495,1976
7381055,Serebryanoye ozero,Kuznetsov,Ivan,1956,1844
9240411,Tikhiy Don,Orlov,Pavel,239,1862
3321223,Den strashnogo suda,Karpov,Gennady,1889,2012
7896220,Zhemchuzhnoe ozero,Volkov,Konstantin,853,1970
4335939,Tayna tretey planety,Egorov,Stanislav,882,1886
1730411,Iskry budushchego,Karpov,Andrei,1566,1904
9020481,Besy,Smirnov,Boris,980,1976
2397850,Tolko ty,Volkov,Oleg,1211,1989
7032956,Zemlya lyudey,Smirnov,Mikhail,641,1978
1902407,Tayna Karpat,Yakovlev,Oleg,841,1861
3701568,Zvyozdnyy rubikon,Makarov,Konstantin,380,1882
3541496,Den strashnogo suda,Pavlov,Roman,1871,2005
6589555,Put do zvyozd,Novikov,Boris,572,1987
8118475,Metamorfozy,Ivanov,Konstantin,1801,1805
1725539,Zateryanny mir,Pavlov,Boris,966,1800
1520843,Iskry budushchego,Karpov,Oleg,686,1995
1526851,Iskry budushchego,Lebedev,Yaroslav,306,1848
7713106,Podvodnaya odisseya,Morozov,Artem,235,1886
5062652,Kapitanskaya dochka,Morozov,Gennady,817,1819
7100558,Vremennaya petlya,Petrov,Stanislav,1704,1801
9104849,Svet vo t'me,Ivanov,Leonid,1996,1881
5985778,Gore ot uma,Petrov,Ivan,245,1834
1847206,Kogda goryat mosty,Fedorov,Maxim,951,1851
4047765,Tayna tretey planety,Chernov,Leonid,920,1823
7646590,Pyat zvyozd,Fedorov,Artem,1144,1942
3616970,Gore ot uma,Pavlov,Oleg,1605,1967
1170405,Gore ot uma,Fedorov,Vladislav,1674,1932
9220625,Master i Margarita,Karpov,Dmitri,1786,1858
1082518,Gore ot uma,Sidorov,Gennady,153,1895
9895603,Metamorfozy,Morozov,Stanislav,1450,1866
4064071,Zvyozdnyy rubikon,Popov,Oleg,544,1973
2504113,Prestuplenie i nakazanie,Egorov,Ivan,1779,1915
7736986,Zhemchuzhnoe ozero,Zaitsev,Alexei,1901,1877
8362936,Zhemchuzhnoe ozero,Novikov,Viktor,771,1890
6717623,Zvyozdnyy rubikon,Novikov,Boris,1554,1868
5872981,Mgnoveniya vechnosti,Smirnov,Mikhail,422,1875
2414407,Besy,Zaitsev,Konstantin,1736,1819
6438938,Poslednyaya zvezda,Pavlov,Ivan,1516,1870
5295032,Vybor cheloveka,Chernov,Stanislav,350,1848
2640758,Poslednyaya zvezda,Kalinin,Nikolai,819,1997
2703240,Zvyozdnyy rubikon,Chernov,Gennady,1907,1819
9595530,Posledniy geroy,Sidorov,Mikhail,1820,1986
9260299,Na beregu vechnosti,Fedorov,Nikolai,1869,1875
1244150,Pod znakom Vody,Smirnov,Pavel,845,1959
8540729,Vybor cheloveka,Petrov,Roman,706,1954
1565328,Labirinty razuma,Kalinin,Boris,1418,1890
7531716,Poezd na Yumu,Volkov,Roman,81,1872
1865152,Khroniki budushchego,Volkov,Oleg,130,1867
4637969,Deti kapitana Granta,Kalinin,Vladislav,1264,1904
7988442,Severny veter,Novikov,Mikhail,1226,1925
3899783,Tayna glubiny,Novikov,Konstantin,401,1831
1546778,Vremya pervykh,Kalinin,Pavel,1625,1947
9042096,Plamya i led,Petrov,Alexei,1074,1898
3774734,Mgnoveniya vechnosti,Karpov,Leonid,1299,1956
8193842,Labirinty razuma,Chernov,Nikolai,290,1890
9793226,Tayna glubiny,Orlov,Ivan,1607,1968
3217733,Na krae zemli,Zaitsev,Konstantin,1037,1954
5075849,Deti kapitana Granta,Ivanov,Leonid,186,1949
2613341,Vremya pervykh,Lebedev,Leonid,830,2010
1008430,Tolstoy: Zhizn i vremya,Volkov,Viktor,1384,1824
6596233,Zhemchuzhnoe ozero,Kalinin,Mikhail,393,1921
8812418,Pyat zvyozd,Orlov,Oleg,996,1883
1545282,Noch svobody,Fedorov,Ivan,799,1972
4373511,Tolstoy: Zhizn i vremya,Kuznetsov,Mikhail,760,1860
6585810,Dostoevsky: Sudba i tvorchestvo,Petrov,Konstantin,995,2020
9700469,Posledniy geroy,Volkov,Ivan,1635,1871
2896518,Gore ot uma,Volkov,Konstantin,611,1922
9332847,,Makarov,Ivan,964,1942
8265400,Dostoevsky: Sudba i tvorchestvo,Orlov,Sergei,1874,1960
1404749,,Zaitsev,Konstantin,1476,1904
7588891,Iskry budushchego,Ivanov,Alexei,828,1999
5448402,Doroga v nikuda,Yakovlev,Nikolai,1605,1893
4154965,Zemlya lyudey,Kalinin,Roman,317,1969
5657975,Tolko ty,Egorov,Sergei,400,1883
4635163,Mgnoveniya vechnosti,Smirnov,Vladislav,991,1908
2930560,Svet vo t'me,Chernov,Ivan,1643,1848
1500917,Rasskazy o prirode,Chernov,Andrei,1786,1838
6142886,Iskry budushchego,Zaitsev,Roman,1808,1848
1232289,Legendy severa,Kuznetsov,Roman,104,1860
7782188,Kapitanskaya dochka,Petrov,Andrei,878,1995
5617753,Tolstoy: Zhizn i vremya,Smirnov,Leonid,1534,1905
9208404,Pod znakom Vody,Kuznetsov,Boris,1470,1835
2192191,,Yakovlev,Gennady,839,1997
1846416,Iskusstvo voiny,Chernov,Pavel,1049,1859
3289447,Put do zvyozd,Kuznetsov,Boris,1015,1945
8420771,Tayna tretey planety,Morozov,Konstantin,1511,1860
9484661,Gravitatsiya,Karpov,Andrei,1037,1960
8456530,Dostoevsky: Sudba i tvorchestvo,Petrov,Oleg,1113,1926
8848450,,Orlov,Mikhail,1527,1983
3968919,Besy,Lebedev,Konstantin,1163,1982
6076799,Iskry budushchego,Sidorov,Yaroslav,1226,1873
7230621,Besy,Smirnov,Oleg,173,1831
6212099,Rasskazy o prirode,Kuznetsov,Stanislav,233,1875
2407659,Kogda goryat mosty,Novikov,Ivan,1189,2019
5881826,Mir v teni,Makarov,Vladislav,1109,2023
8454112,Tayna glubiny,Pavlov,Artem,1401,1890
3953667,Tolstoy: Zhizn i vremya,Egorov,Leonid,923,1945
6080438,,Makarov,Nikolai,262,1801
2283368,Proshchay oruzhiye,Karpov,Konstantin,404,1988
7021550,Tayna Karpat,Pavlov,Yaroslav,1096,1876
9040903,Anna Karenina,Orlov,Maxim,1116,1841
6166583,Dostoevsky: Sudba i tvorchestvo,Sidorov,Artem,1539,1829
5049846,Gore ot uma,Yakovlev,Viktor,369,1815
9403232,Na beregu vechnosti,Karpov,Boris,479,1978
6380204,Iskry budushchego,Orlov,Gennady,1967,1824
3710798,Pyat zvyozd,Sidorov,Maxim,567,1929
4619737,Svet vo t'me,Lebedev,Pavel,710,1890
7999286,Kapitanskaya dochka,Yakovlev,Nikolai,1509,1909
9313622,Vokzal mechty,Pavlov,Dmitri,1414,2000
9698075,Noch svobody,Fedorov,Boris,1311,1830
1528002,Tolko ty,Karpov,Konstantin,1157,1991
6183293,Zateryanny mir,Pavlov,Stanislav,1289,1999
9749246,Piknyk na obochine,Fedorov,Andrei,503,1896
1097189,Vybor cheloveka,Yakovlev,Andrei,518,1801
9852616,Put do zvyozd,Orlov,Vladislav,1228,1897
2928033,Posledniy geroy,Morozov,Artem,1566,1857
1310837,Severny veter,Popov,Andrei,1820,1991
5843322,Legendy severa,Lebedev,Yaroslav,1112,2011
6313789,Prestuplenie i nakazanie,Popov,Alexei,274,1824
4085589,Iskry budushchego,Pavlov,Boris,1499,1838
6524197,Piknyk na obochine,Pavlov,Yaroslav,856,2016
1155331,Khroniki budushchego,Chernov,Ivan,1944,1815
9293786,Na dnye,Popov,Maxim,1641,1852
9907478,Zhemchuzhnoe ozero,Morozov,Leonid,1883,1903
6625066,Dostoevsky: Sudba i tvorchestvo,Chernov,Artem,267,1890
7560245,Poslednyaya zvezda,Sidorov,Pavel,349,1883
7936359,Zemlya lyudey,Smirnov,Artem,1901,2000
8512475,Kapitanskaya dochka,Petrov,Viktor,542,1873
3793439,Legendy severa,Sidorov,Vladislav,1085,1993
3948454,Put do zvyozd,Makarov,Artem,1757,2005
1257659,Kogda goryat mosty,Fedorov,Stanislav,1862,1954
5944417,Serebryanoye ozero,Karpov,Andrei,265,1852
9910693,Put do zvyozd,Chernov,Roman,1124,1864
4349388,Besy,Egorov,Oleg,310,2001
1661240,Kogda goryat mosty,Volkov,Viktor,373,1828
4726313,Khroniki budushchego,Popov,Gennady,1108,1893
2790253,Put do zvyozd,Pavlov,Ivan,756,1907
9024438,Posledniy geroy,Chernov,Maxim,164,1844
9417163,Mir v teni,Novikov,Boris,700,1896
5853497,Dostoevsky: Sudba i tvorchestvo,Popov,Nikolai,1134,1993
1744320,Pyat zvyozd,Lebedev,Oleg,1122,1896
5999466,Tayna tretey planety,Morozov,Maxim,638,1858
1995996,Deti kapitana Granta,Ivanov,Konstantin,960,1857
2405892,Pyat zvyozd,Zaitsev,Yaroslav,1953,1910
5520722,Doroga v nikuda,Sidorov,Mikhail,264,1995
4701487,Zemlya lyudey,Morozov,Viktor,627,1963
1188782,Mir v teni,Egorov,Alexei,1434,1807
5140595,Pyat zvyozd,Smirnov,Pavel,1433,1892
8190630,Proshchay oruzhiye,Zaitsev,Vladislav,1066,1995
4389767,Anna Karenina,Ivanov,Boris,263,1992
8361296,Metamorfozy,Morozov,Boris,1079,1873
7418733,Doroga v nikuda,Fedorov,Ivan,626,1815
9210197,Gravitatsiya,Kuznetsov,Oleg,298,1867
7441261,Noch svobody,Petrov,Boris,623,1949
7411086,Besy,Popov,Andrei,1127,1829
1834751,Doroga v nikuda,Petrov,Dmitri,236,1988
4262187,Labirinty razuma,Kalinin,Yaroslav,726,1902
8093907,Rasskazy o prirode,Kuznetsov,Oleg,1900,1847
7611226,Den strashnogo suda,Fedorov,Maxim,1857,1878
5280456,Master i Margarita,Pavlov,Yaroslav,953,1988
3349708,Proshchay oruzhiye,Novikov,Gennady,1493,1878
2096473,Plamya i led,Karpov,Sergei,622,2022
8109525,Khroniki budushchego,Pavlov,Yaroslav,1158,1896
5633980,Tikhiy Don,Ivanov,Nikolai,1604,1863
4430904,Proshchay oruzhiye,Ivanov,Ivan,1665,1928
9307468,Anna Karenina,Orlov,Alexei,1910,1999
8368201,Gravitatsiya,Kalinin,Yaroslav,795,1834
7189806,Gravitatsiya,Popov,Viktor,546,1868
8166986,Kogda goryat mosty,Ivanov,Artem,222,1897
6541834,Na beregu vechnosti,Morozov,Oleg,1762,1896
9755436,Poezd na Yumu,Karpov,Nikolai,1093,1814
4307720,Den strashnogo suda,Yakovlev,Pavel,1364,1894
1205030,Mgnoveniya vechnosti,Egorov,Oleg,1685,1883
7064010,Mgnoveniya vechnosti,Fedorov,Andrei,553,1943
7998759,Zvezdnyy pilot,Yakovlev,Dmitri,1288,1811
9789981,Vremennaya petlya,Kalinin,Dmitri,1992,1956
3659900,Anna Karenina,Kalinin,Gennady,1956,2010
2560031,Vremya pervykh,Volkov,Boris,852,1859
3755871,Na dnye,Zaitsev,Maxim,1041,2001
1402907,Dostoevsky: Sudba i tvorchestvo,Ivanov,Alexei,797,1921
7460120,,Popov,Pavel,842,1943
3361492,Zvezdnyy pilot,Makarov,Mikhail,850,1966
3346781,Iskry budushchego,Smirnov,Alexei,304,1996
1338834,Svet vo t'me,Makarov,Maxim,311,1807
8770621,Legendy severa,Kuznetsov,Andrei,1871,1989
8309580,Rasskazy o prirode,Kuznetsov,Mikhail,1985,1889
3576447,Ocherednoy pervy klas,Novikov,Vladislav,1560,1847
4216281,Iskry budushchego,Smirnov,Mikhail,932,1825
1807734,Na beregu vechnosti,Pavlov,Sergei,1326,1976
3273399,Zov predkov,Novikov,Viktor,724,1995
6138784,Plamya i led,Makarov,Maxim,959,1891
2154299,Tolko ty,Ivanov,Andrei,960,1978
4506103,Tolstoy: Zhizn i vremya,Petrov,Viktor,171,1962
8889483,Legendy severa,Lebedev,Yaroslav,492,1804
3846757,Tolstoy: Zhizn i vremya,Fedorov,Artem,494,1943
9409602,Mgnoveniya vechnosti,Novikov,Konstantin,293,1911
3811048,Tikhiy Don,Novikov,Roman,570,1846
7411338,Doroga v nikuda,Petrov,Vladislav,1224,1988
1966868,Anna Karenina,Makarov,Nikolai,1462,1832
8999880,Gravitatsiya,Zaitsev,Yaroslav,1052,1936
6329658,Vremya pervykh,Kuznetsov,Ivan,844,1900
7121873,Severny veter,Pavlov,Artem,597,2016
7474422,Domovoy,Fedorov,Nikolai,278,1952
9977003,,Kalinin,Andrei,91,1930
4263646,Proshchay oruzhiye,Orlov,Sergei,214,1863
3727979,Mgnoveniya vechnosti,Chernov,Boris,245,1854
4193777,Tolstoy: Zhizn i vremya,Zaitsev,Gennady,517,1956
1516162,Zvezdnyy pilot,Egorov,Pavel,1440,1933
1535629,Zvezdnyy pilot,Orlov,Stanislav,1606,1817
8332076,Serebryanoye ozero,Karpov,Nikolai,548,2007
5151743,,Sidorov,Nikolai,441,1904
4649929,Zateryanny mir,Fedorov,Mikhail,772,1918
6838725,Vremya pervykh,Morozov,Yaroslav,235,1905
1120441,Tikhiy Don,Makarov,Roman,1773,1861
2405322,Plamya i led,Volkov,Andrei,1954,1869
8875822,Zemlya lyudey,Zaitsev,Stanislav,462,1969
5261036,Zov predkov,Karpov,Roman,1463,1933
6708073,Tikhiy Don,Petrov,Pavel,280,1875
6606446,Tayna Karpat,Petrov,Pavel,1541,2018
4735228,Mgnoveniya vechnosti,Petrov,Artem,1310,1801
6163509,Tolstoy: Zhizn i vremya,Zaitsev,Dmitri,403,1941
7811260,Gore ot uma,Zaitsev,Stanislav,1538,2008
3998456,Domovoy,Petrov,Vladislav,897,1812
9592773,Na beregu vechnosti,Lebedev,Konstantin,689,2010
7217362,Posledniy geroy,Popov,Pavel,1782,1925
7480171,Poezd na Yumu,Lebedev,Boris,621,1893
2558415,Tikhiy Don,Makarov,Sergei,1157,1927
1166455,Prestuplenie i nakazanie,Novikov,Ivan,1547,1911
5785516,Legendy severa,Chernov,Andrei,509,1885
3557092,Master i Margarita,Egorov,Vladislav,1542,1865
7619928,Gravitatsiya,Fedorov,Stanislav,1355,1870
7480761,Vokzal mechty,Morozov,Maxim,778,1837
3757777,Serebryanoye ozero,Chernov,Viktor,381,1980
4325853,Vokzal mechty,Smirnov,Yaroslav,1338,1993
5746128,Pyat zvyozd,Zaitsev,Artem,1333,1893
1454684,Domovoy,Volkov,Viktor,1339,1988
5085773,Zateryanny mir,Morozov,Oleg,508,1805
4003080,Dostoevsky: Sudba i tvorchestvo,Egorov,Viktor,870,1950
6355811,Belaya gvardiya,Makarov,Artem,769,1947
9571854,Gravitatsiya,Yakovlev,Vladislav,398,1981
8699055,Vremennaya petlya,Pavlov,Boris,1123,2007
3842420,Zvezdnyy pilot,Kuznetsov,Gennady,487,1913
1441463,Prestuplenie i nakazanie,Yakovlev,Nikolai,278,1984
8514381,Zov predkov,Zaitsev,Mikhail,308,1999
7196556,Doroga v nikuda,Pavlov,Boris,893,1801
6553390,Tayna Karpat,Lebedev,Mikhail,1314,1893
9417027,Na beregu vechnosti,Kuznetsov,Roman,911,1802
9644088,Doroga v nikuda,Volkov,Sergei,1504,1828
4545316,Gore ot uma,Sidorov,Roman,140,1836
4372388,Deti kapitana Granta,Petrov,Sergei,1805,1808
7793123,Tayna tretey planety,Egorov,Gennady,1519,1996
5589123,Pod znakom Vody,Kalinin,Vladislav,1825,1919
4028699,Iskusstvo voiny,Zaitsev,Stanislav,1130,1805
9321811,Rasskazy o prirode,Fedorov,Dmitri,1362,1874
6136444,Belaya gvardiya,Chernov,Yaroslav,88,1861
2591802,Dostoevsky: Sudba i tvorchestvo,Pavlov,Leonid,1415,1930
2629664,Poezd na Yumu,Makarov,Oleg,571,1930
5261797,Anna Karenina,Chernov,Pavel,1053,1806
6697570,Tayna Karpat,Yakovlev,Sergei,1589,1895
9034139,,Petrov,Gennady,1469,1948
8703787,Posledniy geroy,Smirnov,Artem,226,2001
5892626,Iskry budushchego,Popov,Oleg,570,1861
5162454,Na beregu vechnosti,Morozov,Dmitri,703,1903
9018627,Kogda goryat mosty,Chernov,Ivan,1103,1969
9961001,Dostoevsky: Sudba i tvorchestvo,Petrov,Stanislav,1091,1874
4353024,Tolstoy: Zhizn i vremya,Fedorov,Boris,826,1916
7015602,Doroga v nikuda,Egorov,Boris,1614,1819
4594647,Rasskazy o prirode,Sidorov,Oleg,1561,1896
5301871,Poezd na Yumu,Kalinin,Pavel,1976,1950
5844208,Poezd na Yumu,Makarov,Yaroslav,634,1802
2644496,Na krae zemli,Fedorov,Sergei,986,1849
9109699,Tayna glubiny,Pavlov,Yaroslav,319,1829
4369482,Poslednyaya zvezda,Smirnov,Artem,1163,1945
9325486,,Novikov,Oleg,1419,1939
8758105,Kapitanskaya dochka,Lebedev,Sergei,787,1986
9322777,Vremya pervykh,Kuznetsov,Gennady,1788,1996
7602135,Na dnye,Makarov,Pavel,1990,1974
1120779,Na krae zemli,Pavlov,Alexei,1680,1932
1060434,Mir v teni,Fedorov,Konstantin,1610,1902
5367753,Gravitatsiya,Lebedev,Konstantin,1700,1801
3698323,Tikhiy Don,Pavlov,Alexei,296,1882
6316556,Posledniy geroy,Smirnov,Konstantin,1437,1970
6356664,Iskusstvo voiny,Popov,Roman,1944,1946
4715026,Posledniy chelovek,Kalinin,Yaroslav,1903,1933
8973057,Master i Margarita,Lebedev,Dmitri,1806,2016
2189200,Na dnye,Popov,Mikhail,1518,2024
4948408,Belaya gvardiya,Pavlov,Yaroslav,1133,1917
5975714,Master i Margarita,Chernov,Andrei,112,1984
7293506,Legendy severa,Egorov,Oleg,479,2020
8347816,Kogda goryat mosty,Makarov,Sergei,195,1963
1017271,Metamorfozy,Morozov,Mikhail,1036,1842
8613800,Mir v teni,Ivanov,Roman,1258,1847
3453324,Tolko ty,Sidorov,Ivan,494,1904
7649292,Prestuplenie i nakazanie,Zaitsev,Vladislav,749,1902
2061465,Vokzal mechty,Makarov,Pavel,1551,1807
9469507,Vokzal mechty,Karpov,Sergei,118,2001
5413757,Piknyk na obochine,Makarov,Vladislav,359,1836
5587522,Plamya i led,Egorov,Artem,1798,1850
2420098,Mgnoveniya vechnosti,Lebedev,Andrei,1384,1921
2817892,Serebryanoye ozero,Yakovlev,Pavel,105,1936
6064107,Dostoevsky: Sudba i tvorchestvo,Novikov,Andrei,1403,1892
3732344,Pyat zvyozd,Kuznetsov,Maxim,731,1936
1242172,Piknyk na obochine,Morozov,Andrei,362,1822
5756199,Tayna tretey planety,Chernov,Nikolai,1803,1898
3594738,Serebryanoye ozero,Novikov,Ivan,116,1946
8110761,Serebryanoye ozero,Petrov,Ivan,862,1943
5784508,Severny veter,Ivanov,Maxim,1625,1943
1625557,Doroga v nikuda,Sidorov,Ivan,662,1995
6329287,Zvezdnyy pilot,Lebedev,Sergei,826,1809
7316206,Vremennaya petlya,Pavlov,Mikhail,1239,1955
3890897,Put do zvyozd,Lebedev,Sergei,1748,1884
1053839,Kapitanskaya dochka,Novikov,Gennady,432,1856
9117900,Besy,Fedorov,Mikhail,1791,1879
1517917,Na dnye,Morozov,Leonid,349,1844
4780485,Ocherednoy pervy klas,Fedorov,Sergei,513,1986
6286581,Pod znakom Vody,Yakovlev,Konstantin,1723,1917
4709664,Gravitatsiya,Ivanov,Ivan,738,1950
4575431,Gore ot uma,Popov,Roman,1646,1933
3427966,Belaya gvardiya,Sidorov,Oleg,1420,1925
9176507,Plamya i led,Lebedev,Gennady,1370,1842
5414626,Posledniy chelovek,Orlov,Ivan,728,1852
6566076,Prestuplenie i nakazanie,Chernov,Artem,1987,1816
2578596,Labirinty razuma,Sidorov,Alexei,428,1889
8876933,Zhemchuzhnoe ozero,Morozov,Roman,622,1936
1806501,Belaya gvardiya,Ivanov,Artem,469,1842
9313102,Mgnoveniya vechnosti,Ivanov,Sergei,200,1938
6175236,Kogda goryat mosty,Sidorov,Konstantin,975,1889
3816746,Na beregu vechnosti,Egorov,Dmitri,343,1894
4477133,Tolko ty,Yakovlev,Yaroslav,536,1978
6414711,Iskry budushchego,Popov,Ivan,188,1825
6333397,Posledniy chelovek,Morozov,Pavel,1681,1939
5306873,Severny veter,Egorov,Yaroslav,1983,1809
3173051,Tolko ty,Makarov,Artem,543,1933
5351401,Proshchay oruzhiye,Morozov,Oleg,1883,1821
2252777,Doroga v nikuda,Kalinin,Mikhail,401,1977
4961148,Tikhiy Don,Orlov,Artem,102,1886
